filename,Predicted_Label
Image_1.jpg,sunflower
Image_2.jpg,dandelion
Image_3.jpg,daisy
Image_4.jpg,daisy
Image_5.jpg,daisy
Image_6.jpg,daisy
Image_7.jpg,tulip
Image_8.jpg,sunflower
Image_9.jpg,sunflower
Image_10.jpg,sunflower
Image_11.jpg,daisy
Image_12.jpg,sunflower
Image_13.jpg,sunflower
Image_14.jpg,tulip
Image_15.jpg,dandelion
Image_16.jpg,sunflower
Image_17.jpg,daisy
Image_18.jpg,rose
Image_19.jpg,dandelion
Image_20.jpg,sunflower
Image_21.jpg,tulip
Image_22.jpg,tulip
Image_23.jpg,tulip
Image_24.jpg,daisy
Image_25.jpg,sunflower
Image_26.jpg,dandelion
Image_27.jpg,tulip
Image_28.jpg,daisy
Image_29.jpg,dandelion
Image_30.jpg,sunflower
Image_31.jpg,sunflower
Image_32.jpg,sunflower
Image_33.jpg,rose
Image_34.jpg,sunflower
Image_35.jpg,sunflower
Image_36.jpg,daisy
Image_37.jpg,dandelion
Image_38.jpg,daisy
Image_39.jpg,sunflower
Image_40.jpg,rose
Image_41.jpg,rose
Image_42.jpg,dandelion
Image_43.jpg,dandelion
Image_44.jpg,dandelion
Image_45.jpg,daisy
Image_46.jpg,tulip
Image_47.jpg,daisy
Image_48.jpg,rose
Image_49.jpg,dandelion
Image_50.jpg,daisy
Image_51.jpg,tulip
Image_52.jpg,sunflower
Image_53.jpg,sunflower
Image_54.jpg,dandelion
Image_55.jpg,daisy
Image_56.jpg,sunflower
Image_57.jpg,tulip
Image_58.jpg,rose
Image_59.jpg,dandelion
Image_60.jpg,daisy
Image_61.jpg,tulip
Image_62.jpg,dandelion
Image_63.jpg,rose
Image_64.jpg,sunflower
Image_65.jpg,dandelion
Image_66.jpg,tulip
Image_67.jpg,daisy
Image_68.jpg,rose
Image_69.jpg,daisy
Image_70.jpg,tulip
Image_71.jpg,rose
Image_72.jpg,dandelion
Image_73.jpg,dandelion
Image_74.jpg,tulip
Image_75.jpg,tulip
Image_76.jpg,daisy
Image_77.jpg,rose
Image_78.jpg,sunflower
Image_79.jpg,rose
Image_80.jpg,rose
Image_81.jpg,sunflower
Image_82.jpg,daisy
Image_83.jpg,dandelion
Image_84.jpg,tulip
Image_85.jpg,sunflower
Image_86.jpg,rose
Image_87.jpg,dandelion
Image_88.jpg,dandelion
Image_89.jpg,sunflower
Image_90.jpg,rose
Image_91.jpg,dandelion
Image_92.jpg,daisy
Image_93.jpg,rose
Image_94.jpg,dandelion
Image_95.jpg,sunflower
Image_96.jpg,tulip
Image_97.jpg,tulip
Image_98.jpg,daisy
Image_99.jpg,sunflower
Image_100.jpg,daisy
Image_101.jpg,dandelion
Image_102.jpg,tulip
Image_103.jpg,dandelion
Image_104.jpg,sunflower
Image_105.jpg,dandelion
Image_106.jpg,dandelion
Image_107.jpg,tulip
Image_108.jpg,tulip
Image_109.jpg,sunflower
Image_110.jpg,tulip
Image_111.jpg,tulip
Image_112.jpg,sunflower
Image_113.jpg,tulip
Image_114.jpg,sunflower
Image_115.jpg,sunflower
Image_116.jpg,rose
Image_117.jpg,rose
Image_118.jpg,sunflower
Image_119.jpg,dandelion
Image_120.jpg,rose
Image_121.jpg,tulip
Image_122.jpg,tulip
Image_123.jpg,daisy
Image_124.jpg,dandelion
Image_125.jpg,tulip
Image_126.jpg,tulip
Image_127.jpg,daisy
Image_128.jpg,rose
Image_129.jpg,daisy
Image_130.jpg,tulip
Image_131.jpg,dandelion
Image_132.jpg,daisy
Image_133.jpg,dandelion
Image_134.jpg,daisy
Image_135.jpg,tulip
Image_136.jpg,tulip
Image_137.jpg,sunflower
Image_138.jpg,rose
Image_139.jpg,sunflower
Image_140.jpg,tulip
Image_141.jpg,dandelion
Image_142.jpg,tulip
Image_143.jpg,dandelion
Image_144.jpg,daisy
Image_145.jpg,dandelion
Image_146.jpg,dandelion
Image_147.jpg,tulip
Image_148.jpg,sunflower
Image_149.jpg,dandelion
Image_150.jpg,daisy
Image_151.jpg,rose
Image_152.jpg,tulip
Image_153.jpg,tulip
Image_154.jpg,sunflower
Image_155.jpg,sunflower
Image_156.jpg,daisy
Image_157.jpg,rose
Image_158.jpg,daisy
Image_159.jpg,tulip
Image_160.jpg,daisy
Image_161.jpg,rose
Image_162.jpg,rose
Image_163.jpg,sunflower
Image_164.jpg,dandelion
Image_165.jpg,tulip
Image_166.jpg,daisy
Image_167.jpg,daisy
Image_168.jpg,sunflower
Image_169.jpg,daisy
Image_170.jpg,dandelion
Image_171.jpg,sunflower
Image_172.jpg,sunflower
Image_173.jpg,rose
Image_174.jpg,rose
Image_175.jpg,dandelion
Image_176.jpg,dandelion
Image_177.jpg,dandelion
Image_178.jpg,tulip
Image_179.jpg,daisy
Image_180.jpg,dandelion
Image_181.jpg,tulip
Image_182.jpg,sunflower
Image_183.jpg,dandelion
Image_184.jpg,daisy
Image_185.jpg,daisy
Image_186.jpg,daisy
Image_187.jpg,sunflower
Image_188.jpg,sunflower
Image_189.jpg,tulip
Image_190.jpg,daisy
Image_191.jpg,sunflower
Image_192.jpg,tulip
Image_193.jpg,sunflower
Image_194.jpg,rose
Image_195.jpg,daisy
Image_196.jpg,sunflower
Image_197.jpg,tulip
Image_198.jpg,dandelion
Image_199.jpg,tulip
Image_200.jpg,tulip
Image_201.jpg,tulip
Image_202.jpg,tulip
Image_203.jpg,daisy
Image_204.jpg,tulip
Image_205.jpg,sunflower
Image_206.jpg,tulip
Image_207.jpg,dandelion
Image_208.jpg,daisy
Image_209.jpg,sunflower
Image_210.jpg,tulip
Image_211.jpg,tulip
Image_212.jpg,daisy
Image_213.jpg,tulip
Image_214.jpg,sunflower
Image_215.jpg,tulip
Image_216.jpg,dandelion
Image_217.jpg,tulip
Image_218.jpg,tulip
Image_219.jpg,dandelion
Image_220.jpg,sunflower
Image_221.jpg,dandelion
Image_222.jpg,dandelion
Image_223.jpg,daisy
Image_224.jpg,sunflower
Image_225.jpg,tulip
Image_226.jpg,sunflower
Image_227.jpg,rose
Image_228.jpg,daisy
Image_229.jpg,rose
Image_230.jpg,dandelion
Image_231.jpg,daisy
Image_232.jpg,rose
Image_233.jpg,dandelion
Image_234.jpg,tulip
Image_235.jpg,dandelion
Image_236.jpg,sunflower
Image_237.jpg,sunflower
Image_238.jpg,tulip
Image_239.jpg,dandelion
Image_240.jpg,daisy
Image_241.jpg,rose
Image_242.jpg,rose
Image_243.jpg,sunflower
Image_244.jpg,dandelion
Image_245.jpg,sunflower
Image_246.jpg,sunflower
Image_247.jpg,dandelion
Image_248.jpg,sunflower
Image_249.jpg,dandelion
Image_250.jpg,sunflower
Image_251.jpg,tulip
Image_252.jpg,sunflower
Image_253.jpg,sunflower
Image_254.jpg,dandelion
Image_255.jpg,dandelion
Image_256.jpg,tulip
Image_257.jpg,daisy
Image_258.jpg,daisy
Image_259.jpg,dandelion
Image_260.jpg,dandelion
Image_261.jpg,tulip
Image_262.jpg,dandelion
Image_263.jpg,sunflower
Image_264.jpg,dandelion
Image_265.jpg,sunflower
Image_266.jpg,rose
Image_267.jpg,tulip
Image_268.jpg,rose
Image_269.jpg,tulip
Image_270.jpg,dandelion
Image_271.jpg,sunflower
Image_272.jpg,rose
Image_273.jpg,daisy
Image_274.jpg,rose
Image_275.jpg,sunflower
Image_276.jpg,tulip
Image_277.jpg,sunflower
Image_278.jpg,tulip
Image_279.jpg,daisy
Image_280.jpg,sunflower
Image_281.jpg,dandelion
Image_282.jpg,dandelion
Image_283.jpg,dandelion
Image_284.jpg,tulip
Image_285.jpg,daisy
Image_286.jpg,dandelion
Image_287.jpg,daisy
Image_288.jpg,tulip
Image_289.jpg,tulip
Image_290.jpg,daisy
Image_291.jpg,tulip
Image_292.jpg,dandelion
Image_293.jpg,dandelion
Image_294.jpg,sunflower
Image_295.jpg,sunflower
Image_296.jpg,sunflower
Image_297.jpg,sunflower
Image_298.jpg,dandelion
Image_299.jpg,sunflower
Image_300.jpg,rose
Image_301.jpg,daisy
Image_302.jpg,dandelion
Image_303.jpg,tulip
Image_304.jpg,rose
Image_305.jpg,sunflower
Image_306.jpg,sunflower
Image_307.jpg,sunflower
Image_308.jpg,dandelion
Image_309.jpg,tulip
Image_310.jpg,sunflower
Image_311.jpg,sunflower
Image_312.jpg,sunflower
Image_313.jpg,sunflower
Image_314.jpg,tulip
Image_315.jpg,tulip
Image_316.jpg,sunflower
Image_317.jpg,daisy
Image_318.jpg,tulip
Image_319.jpg,rose
Image_320.jpg,rose
Image_321.jpg,rose
Image_322.jpg,rose
Image_323.jpg,rose
Image_324.jpg,tulip
Image_325.jpg,sunflower
Image_326.jpg,rose
Image_327.jpg,tulip
Image_328.jpg,daisy
Image_329.jpg,dandelion
Image_330.jpg,sunflower
Image_331.jpg,tulip
Image_332.jpg,tulip
Image_333.jpg,daisy
Image_334.jpg,daisy
Image_335.jpg,tulip
Image_336.jpg,dandelion
Image_337.jpg,sunflower
Image_338.jpg,tulip
Image_339.jpg,rose
Image_340.jpg,dandelion
Image_341.jpg,tulip
Image_342.jpg,tulip
Image_343.jpg,rose
Image_344.jpg,daisy
Image_345.jpg,daisy
Image_346.jpg,dandelion
Image_347.jpg,daisy
Image_348.jpg,sunflower
Image_349.jpg,sunflower
Image_350.jpg,rose
Image_351.jpg,tulip
Image_352.jpg,rose
Image_353.jpg,sunflower
Image_354.jpg,sunflower
Image_355.jpg,tulip
Image_356.jpg,dandelion
Image_357.jpg,sunflower
Image_358.jpg,daisy
Image_359.jpg,dandelion
Image_360.jpg,tulip
Image_361.jpg,daisy
Image_362.jpg,dandelion
Image_363.jpg,rose
Image_364.jpg,rose
Image_365.jpg,tulip
Image_366.jpg,sunflower
Image_367.jpg,rose
Image_368.jpg,rose
Image_369.jpg,daisy
Image_370.jpg,tulip
Image_371.jpg,tulip
Image_372.jpg,sunflower
Image_373.jpg,dandelion
Image_374.jpg,dandelion
Image_375.jpg,daisy
Image_376.jpg,tulip
Image_377.jpg,tulip
Image_378.jpg,daisy
Image_379.jpg,rose
Image_380.jpg,daisy
Image_381.jpg,tulip
Image_382.jpg,daisy
Image_383.jpg,rose
Image_384.jpg,tulip
Image_385.jpg,tulip
Image_386.jpg,tulip
Image_387.jpg,sunflower
Image_388.jpg,tulip
Image_389.jpg,dandelion
Image_390.jpg,tulip
Image_391.jpg,tulip
Image_392.jpg,daisy
Image_393.jpg,sunflower
Image_394.jpg,dandelion
Image_395.jpg,tulip
Image_396.jpg,daisy
Image_397.jpg,tulip
Image_398.jpg,rose
Image_399.jpg,rose
Image_400.jpg,rose
Image_401.jpg,rose
Image_402.jpg,tulip
Image_403.jpg,tulip
Image_404.jpg,rose
Image_405.jpg,dandelion
Image_406.jpg,dandelion
Image_407.jpg,dandelion
Image_408.jpg,dandelion
Image_409.jpg,daisy
Image_410.jpg,sunflower
Image_411.jpg,sunflower
Image_412.jpg,sunflower
Image_413.jpg,daisy
Image_414.jpg,rose
Image_415.jpg,sunflower
Image_416.jpg,dandelion
Image_417.jpg,dandelion
Image_418.jpg,tulip
Image_419.jpg,dandelion
Image_420.jpg,tulip
Image_421.jpg,daisy
Image_422.jpg,dandelion
Image_423.jpg,sunflower
Image_424.jpg,daisy
Image_425.jpg,daisy
Image_426.jpg,dandelion
Image_427.jpg,daisy
Image_428.jpg,tulip
Image_429.jpg,rose
Image_430.jpg,tulip
Image_431.jpg,dandelion
Image_432.jpg,tulip
Image_433.jpg,sunflower
Image_434.jpg,tulip
Image_435.jpg,sunflower
Image_436.jpg,rose
Image_437.jpg,sunflower
Image_438.jpg,sunflower
Image_439.jpg,sunflower
Image_440.jpg,tulip
Image_441.jpg,daisy
Image_442.jpg,rose
Image_443.jpg,daisy
Image_444.jpg,dandelion
Image_445.jpg,rose
Image_446.jpg,daisy
Image_447.jpg,sunflower
Image_448.jpg,sunflower
Image_449.jpg,tulip
Image_450.jpg,daisy
Image_451.jpg,tulip
Image_452.jpg,sunflower
Image_453.jpg,dandelion
Image_454.jpg,sunflower
Image_455.jpg,sunflower
Image_456.jpg,daisy
Image_457.jpg,daisy
Image_458.jpg,daisy
Image_459.jpg,daisy
Image_460.jpg,daisy
Image_461.jpg,tulip
Image_462.jpg,tulip
Image_463.jpg,daisy
Image_464.jpg,rose
Image_465.jpg,tulip
Image_466.jpg,sunflower
Image_467.jpg,daisy
Image_468.jpg,daisy
Image_469.jpg,sunflower
Image_470.jpg,dandelion
Image_471.jpg,tulip
Image_472.jpg,sunflower
Image_473.jpg,tulip
Image_474.jpg,rose
Image_475.jpg,dandelion
Image_476.jpg,rose
Image_477.jpg,daisy
Image_478.jpg,daisy
Image_479.jpg,sunflower
Image_480.jpg,daisy
Image_481.jpg,tulip
Image_482.jpg,sunflower
Image_483.jpg,daisy
Image_484.jpg,sunflower
Image_485.jpg,rose
Image_486.jpg,dandelion
Image_487.jpg,rose
Image_488.jpg,tulip
Image_489.jpg,tulip
Image_490.jpg,sunflower
Image_491.jpg,sunflower
Image_492.jpg,daisy
Image_493.jpg,tulip
Image_494.jpg,sunflower
Image_495.jpg,tulip
Image_496.jpg,daisy
Image_497.jpg,rose
Image_498.jpg,sunflower
Image_499.jpg,rose
Image_500.jpg,rose
Image_501.jpg,dandelion
Image_502.jpg,daisy
Image_503.jpg,sunflower
Image_504.jpg,rose
Image_505.jpg,dandelion
Image_506.jpg,daisy
Image_507.jpg,rose
Image_508.jpg,sunflower
Image_509.jpg,tulip
Image_510.jpg,tulip
Image_511.jpg,tulip
Image_512.jpg,daisy
Image_513.jpg,sunflower
Image_514.jpg,sunflower
Image_515.jpg,dandelion
Image_516.jpg,daisy
Image_517.jpg,sunflower
Image_518.jpg,dandelion
Image_519.jpg,tulip
Image_520.jpg,sunflower
Image_521.jpg,sunflower
Image_522.jpg,rose
Image_523.jpg,rose
Image_524.jpg,tulip
Image_525.jpg,daisy
Image_526.jpg,sunflower
Image_527.jpg,dandelion
Image_528.jpg,daisy
Image_529.jpg,daisy
Image_530.jpg,tulip
Image_531.jpg,tulip
Image_532.jpg,daisy
Image_533.jpg,sunflower
Image_534.jpg,daisy
Image_535.jpg,sunflower
Image_536.jpg,dandelion
Image_537.jpg,sunflower
Image_538.jpg,tulip
Image_539.jpg,rose
Image_540.jpg,tulip
Image_541.jpg,rose
Image_542.jpg,tulip
Image_543.jpg,daisy
Image_544.jpg,tulip
Image_545.jpg,sunflower
Image_546.jpg,dandelion
Image_547.jpg,tulip
Image_548.jpg,dandelion
Image_549.jpg,sunflower
Image_550.jpg,dandelion
Image_551.jpg,tulip
Image_552.jpg,tulip
Image_553.jpg,tulip
Image_554.jpg,sunflower
Image_555.jpg,sunflower
Image_556.jpg,rose
Image_557.jpg,sunflower
Image_558.jpg,daisy
Image_559.jpg,daisy
Image_560.jpg,daisy
Image_561.jpg,sunflower
Image_562.jpg,sunflower
Image_563.jpg,daisy
Image_564.jpg,rose
Image_565.jpg,tulip
Image_566.jpg,dandelion
Image_567.jpg,rose
Image_568.jpg,tulip
Image_569.jpg,daisy
Image_570.jpg,sunflower
Image_571.jpg,tulip
Image_572.jpg,dandelion
Image_573.jpg,dandelion
Image_574.jpg,sunflower
Image_575.jpg,daisy
Image_576.jpg,tulip
Image_577.jpg,rose
Image_578.jpg,sunflower
Image_579.jpg,dandelion
Image_580.jpg,tulip
Image_581.jpg,tulip
Image_582.jpg,tulip
Image_583.jpg,rose
Image_584.jpg,dandelion
Image_585.jpg,daisy
Image_586.jpg,sunflower
Image_587.jpg,rose
Image_588.jpg,daisy
Image_589.jpg,daisy
Image_590.jpg,dandelion
Image_591.jpg,dandelion
Image_592.jpg,tulip
Image_593.jpg,sunflower
Image_594.jpg,sunflower
Image_595.jpg,daisy
Image_596.jpg,daisy
Image_597.jpg,daisy
Image_598.jpg,tulip
Image_599.jpg,rose
Image_600.jpg,daisy
Image_601.jpg,tulip
Image_602.jpg,tulip
Image_603.jpg,tulip
Image_604.jpg,dandelion
Image_605.jpg,tulip
Image_606.jpg,tulip
Image_607.jpg,sunflower
Image_608.jpg,rose
Image_609.jpg,tulip
Image_610.jpg,tulip
Image_611.jpg,dandelion
Image_612.jpg,sunflower
Image_613.jpg,tulip
Image_614.jpg,rose
Image_615.jpg,tulip
Image_616.jpg,sunflower
Image_617.jpg,daisy
Image_618.jpg,daisy
Image_619.jpg,daisy
Image_620.jpg,tulip
Image_621.jpg,rose
Image_622.jpg,rose
Image_623.jpg,dandelion
Image_624.jpg,tulip
Image_625.jpg,dandelion
Image_626.jpg,daisy
Image_627.jpg,daisy
Image_628.jpg,sunflower
Image_629.jpg,tulip
Image_630.jpg,rose
Image_631.jpg,rose
Image_632.jpg,dandelion
Image_633.jpg,sunflower
Image_634.jpg,daisy
Image_635.jpg,sunflower
Image_636.jpg,sunflower
Image_637.jpg,daisy
Image_638.jpg,sunflower
Image_639.jpg,rose
Image_640.jpg,sunflower
Image_641.jpg,dandelion
Image_642.jpg,sunflower
Image_643.jpg,tulip
Image_644.jpg,daisy
Image_645.jpg,dandelion
Image_646.jpg,rose
Image_647.jpg,daisy
Image_648.jpg,daisy
Image_649.jpg,dandelion
Image_650.jpg,rose
Image_651.jpg,daisy
Image_652.jpg,sunflower
Image_653.jpg,daisy
Image_654.jpg,dandelion
Image_655.jpg,rose
Image_656.jpg,rose
Image_657.jpg,dandelion
Image_658.jpg,tulip
Image_659.jpg,rose
Image_660.jpg,tulip
Image_661.jpg,sunflower
Image_662.jpg,dandelion
Image_663.jpg,tulip
Image_664.jpg,rose
Image_665.jpg,dandelion
Image_666.jpg,tulip
Image_667.jpg,dandelion
Image_668.jpg,rose
Image_669.jpg,sunflower
Image_670.jpg,tulip
Image_671.jpg,tulip
Image_672.jpg,sunflower
Image_673.jpg,daisy
Image_674.jpg,rose
Image_675.jpg,tulip
Image_676.jpg,dandelion
Image_677.jpg,daisy
Image_678.jpg,rose
Image_679.jpg,daisy
Image_680.jpg,sunflower
Image_681.jpg,sunflower
Image_682.jpg,dandelion
Image_683.jpg,tulip
Image_684.jpg,dandelion
Image_685.jpg,sunflower
Image_686.jpg,daisy
Image_687.jpg,sunflower
Image_688.jpg,daisy
Image_689.jpg,dandelion
Image_690.jpg,tulip
Image_691.jpg,sunflower
Image_692.jpg,tulip
Image_693.jpg,dandelion
Image_694.jpg,rose
Image_695.jpg,tulip
Image_696.jpg,dandelion
Image_697.jpg,sunflower
Image_698.jpg,rose
Image_699.jpg,sunflower
Image_700.jpg,rose
Image_701.jpg,tulip
Image_702.jpg,sunflower
Image_703.jpg,rose
Image_704.jpg,daisy
Image_705.jpg,daisy
Image_706.jpg,rose
Image_707.jpg,sunflower
Image_708.jpg,dandelion
Image_709.jpg,daisy
Image_710.jpg,rose
Image_711.jpg,sunflower
Image_712.jpg,daisy
Image_713.jpg,dandelion
Image_714.jpg,tulip
Image_715.jpg,tulip
Image_716.jpg,daisy
Image_717.jpg,rose
Image_718.jpg,sunflower
Image_719.jpg,tulip
Image_720.jpg,rose
Image_721.jpg,sunflower
Image_722.jpg,tulip
Image_723.jpg,sunflower
Image_724.jpg,daisy
Image_725.jpg,sunflower
Image_726.jpg,rose
Image_727.jpg,daisy
Image_728.jpg,rose
Image_729.jpg,dandelion
Image_730.jpg,tulip
Image_731.jpg,daisy
Image_732.jpg,sunflower
Image_733.jpg,sunflower
Image_734.jpg,sunflower
Image_735.jpg,daisy
Image_736.jpg,dandelion
Image_737.jpg,rose
Image_738.jpg,sunflower
Image_739.jpg,tulip
Image_740.jpg,rose
Image_741.jpg,daisy
Image_742.jpg,tulip
Image_743.jpg,daisy
Image_744.jpg,sunflower
Image_745.jpg,dandelion
Image_746.jpg,daisy
Image_747.jpg,dandelion
Image_748.jpg,daisy
Image_749.jpg,sunflower
Image_750.jpg,tulip
Image_751.jpg,tulip
Image_752.jpg,dandelion
Image_753.jpg,tulip
Image_754.jpg,tulip
Image_755.jpg,tulip
Image_756.jpg,sunflower
Image_757.jpg,sunflower
Image_758.jpg,tulip
Image_759.jpg,daisy
Image_760.jpg,tulip
Image_761.jpg,daisy
Image_762.jpg,rose
Image_763.jpg,tulip
Image_764.jpg,tulip
Image_765.jpg,dandelion
Image_766.jpg,sunflower
Image_767.jpg,tulip
Image_768.jpg,dandelion
Image_769.jpg,tulip
Image_770.jpg,daisy
Image_771.jpg,rose
Image_772.jpg,dandelion
Image_773.jpg,sunflower
Image_774.jpg,sunflower
Image_775.jpg,tulip
Image_776.jpg,sunflower
Image_777.jpg,sunflower
Image_778.jpg,sunflower
Image_779.jpg,sunflower
Image_780.jpg,dandelion
Image_781.jpg,sunflower
Image_782.jpg,daisy
Image_783.jpg,tulip
Image_784.jpg,sunflower
Image_785.jpg,sunflower
Image_786.jpg,dandelion
Image_787.jpg,sunflower
Image_788.jpg,sunflower
Image_789.jpg,tulip
Image_790.jpg,daisy
Image_791.jpg,rose
Image_792.jpg,sunflower
Image_793.jpg,sunflower
Image_794.jpg,rose
Image_795.jpg,rose
Image_796.jpg,sunflower
Image_797.jpg,sunflower
Image_798.jpg,sunflower
Image_799.jpg,dandelion
Image_800.jpg,rose
Image_801.jpg,tulip
Image_802.jpg,rose
Image_803.jpg,tulip
Image_804.jpg,sunflower
Image_805.jpg,tulip
Image_806.jpg,rose
Image_807.jpg,tulip
Image_808.jpg,dandelion
Image_809.jpg,tulip
Image_810.jpg,tulip
Image_811.jpg,daisy
Image_812.jpg,dandelion
Image_813.jpg,dandelion
Image_814.jpg,rose
Image_815.jpg,sunflower
Image_816.jpg,daisy
Image_817.jpg,tulip
Image_818.jpg,rose
Image_819.jpg,dandelion
Image_820.jpg,rose
Image_821.jpg,tulip
Image_822.jpg,rose
Image_823.jpg,tulip
Image_824.jpg,tulip
Image_825.jpg,daisy
Image_826.jpg,sunflower
Image_827.jpg,daisy
Image_828.jpg,rose
Image_829.jpg,daisy
Image_830.jpg,tulip
Image_831.jpg,sunflower
Image_832.jpg,sunflower
Image_833.jpg,dandelion
Image_834.jpg,dandelion
Image_835.jpg,dandelion
Image_836.jpg,rose
Image_837.jpg,tulip
Image_838.jpg,dandelion
Image_839.jpg,rose
Image_840.jpg,daisy
Image_841.jpg,dandelion
Image_842.jpg,sunflower
Image_843.jpg,sunflower
Image_844.jpg,rose
Image_845.jpg,dandelion
Image_846.jpg,rose
Image_847.jpg,tulip
Image_848.jpg,sunflower
Image_849.jpg,sunflower
Image_850.jpg,daisy
Image_851.jpg,tulip
Image_852.jpg,tulip
Image_853.jpg,rose
Image_854.jpg,daisy
Image_855.jpg,dandelion
Image_856.jpg,tulip
Image_857.jpg,tulip
Image_858.jpg,dandelion
Image_859.jpg,dandelion
Image_860.jpg,rose
Image_861.jpg,sunflower
Image_862.jpg,sunflower
Image_863.jpg,tulip
Image_864.jpg,sunflower
Image_865.jpg,sunflower
Image_866.jpg,sunflower
Image_867.jpg,rose
Image_868.jpg,sunflower
Image_869.jpg,rose
Image_870.jpg,sunflower
Image_871.jpg,sunflower
Image_872.jpg,dandelion
Image_873.jpg,sunflower
Image_874.jpg,rose
Image_875.jpg,rose
Image_876.jpg,daisy
Image_877.jpg,tulip
Image_878.jpg,sunflower
Image_879.jpg,sunflower
Image_880.jpg,daisy
Image_881.jpg,daisy
Image_882.jpg,daisy
Image_883.jpg,daisy
Image_884.jpg,tulip
Image_885.jpg,rose
Image_886.jpg,sunflower
Image_887.jpg,tulip
Image_888.jpg,sunflower
Image_889.jpg,sunflower
Image_890.jpg,rose
Image_891.jpg,dandelion
Image_892.jpg,dandelion
Image_893.jpg,daisy
Image_894.jpg,sunflower
Image_895.jpg,sunflower
Image_896.jpg,rose
Image_897.jpg,dandelion
Image_898.jpg,daisy
Image_899.jpg,sunflower
Image_900.jpg,tulip
Image_901.jpg,dandelion
Image_902.jpg,dandelion
Image_903.jpg,tulip
Image_904.jpg,tulip
Image_905.jpg,sunflower
Image_906.jpg,dandelion
Image_907.jpg,daisy
Image_908.jpg,dandelion
Image_909.jpg,sunflower
Image_910.jpg,daisy
Image_911.jpg,tulip
Image_912.jpg,sunflower
Image_913.jpg,daisy
Image_914.jpg,dandelion
Image_915.jpg,dandelion
Image_916.jpg,daisy
Image_917.jpg,daisy
Image_918.jpg,tulip
Image_919.jpg,tulip
Image_920.jpg,daisy
Image_921.jpg,rose
Image_922.jpg,dandelion
Image_923.jpg,sunflower
Image_924.jpg,sunflower
